start time,end time,texto,asset,prompt,caminho
"00:00:00,000","00:00:04,308","Let's get right into it. Number 10, The ""Free Trial""",imagem,"Cartoon stick-figure scene of a gleeful stick figure reaching for a ""FREE TRIAL"" box, unaware of a giant, menacing invoice silently rising from behind it.",C:\Users\andre\OneDrive\Documents\codex\automation-chilldude\output\everyday_scams_people_still_fall_for\scenes\scene_0001.png
"00:00:04,308","00:00:05,170",That Isn't.,avatar,,
"00:00:05,170","00:00:08,332","You're scrolling, minding your own business, and then BAM! An",imagem,"Cartoon stick-figure scene of a stick figure calmly scrolling on a phone, then suddenly startled as a huge, flashy ad for a 'revolutionary product' pops up dramatically.",C:\Users\andre\OneDrive\Documents\codex\automation-chilldude\output\everyday_scams_people_still_fall_for\scenes\scene_0003.png
"00:00:08,332","00:00:11,495",ad for a revolutionary new product. Maybe it’s a weight,imagem,"Cartoon stick-figure scene of a scrawny stick figure gazing at an ad for a weight loss supplement, envisioning themselves as a muscular Greek god on a pedestal.",C:\Users\andre\OneDrive\Documents\codex\automation-chilldude\output\everyday_scams_people_still_fall_for\scenes\scene_0004.png
"00:00:11,495","00:00:14,657",loss supplement that promises you’ll look like a Greek god,imagem,"Cartoon stick-figure scene of a stick figure applying 'miracle' skincare cream, imagining their face transforming into a smooth, youthful visage, like a Greek sculpture.",C:\Users\andre\OneDrive\Documents\codex\automation-chilldude\output\everyday_scams_people_still_fall_for\scenes\scene_0005.png
"00:00:14,657","00:00:17,820","in a week, or a skincare cream that swears it’ll",imagem,Cartoon stick-figure scene of a stick figure looking in a mirror as wrinkles visibly disappear from their face at an alarming speed due to a 'magic' cream.,C:\Users\andre\OneDrive\Documents\codex\automation-chilldude\output\everyday_scams_people_still_fall_for\scenes\scene_0006.png
"00:00:17,820","00:00:20,982",erase 20 years from your face faster than you can,imagem,"Cartoon stick-figure scene of a smiling stick-figure promoter, with crossed fingers behind their back, confidently assuring another stick figure there's ""no catch"" to an offer.",C:\Users\andre\OneDrive\Documents\codex\automation-chilldude\output\everyday_scams_people_still_fall_for\scenes\scene_0007.png
"00:00:20,982","00:00:24,145","say ""botox."" The catch? There isn't one, they say! Just",imagem,"Cartoon stick-figure scene of a stick figure happily clicking ""pay shipping"" for a ""free trial,"" unaware of the complex, binding subscription agreement materializing behind them.",C:\Users\andre\OneDrive\Documents\codex\automation-chilldude\output\everyday_scams_people_still_fall_for\scenes\scene_0008.png
"00:00:24,145","00:00:27,307","pay shipping for a ""free trial."" Sounds harmless, right? You",imagem,"Cartoon stick-figure scene of a naive stick figure casually typing credit card details into a form, with a thought bubble above them asking: ""What's the worst that could happen?""",C:\Users\andre\OneDrive\Documents\codex\automation-chilldude\output\everyday_scams_people_still_fall_for\scenes\scene_0009.png
"00:00:27,307","00:00:30,470","punch in your credit card details, thinking, ""What's the worst",imagem,"Cartoon stick-figure scene of a stick figure's credit card details being devoured by a monstrous ""Recurring Subscription"" machine, leaving the stick figure looking utterly bewildered.",C:\Users\andre\OneDrive\Documents\codex\automation-chilldude\output\everyday_scams_people_still_fall_for\scenes\scene_0010.png
"00:00:30,470","00:00:33,633","that could happen?"" Well, the worst, my friend, is that",imagem,"Cartoon stick-figure scene of a stick figure struggling to climb a mountain of ""subscription bills"" while trying to cut a thick, unbreakable ""Cancel"" rope with tiny scissors.",C:\Users\andre\OneDrive\Documents\codex\automation-chilldude\output\everyday_scams_people_still_fall_for\scenes\scene_0011.png
"00:00:33,633","00:00:36,795",you've just signed up for a recurring subscription that costs,imagem,"Cartoon stick-figure scene of a frustrated stick figure attempting to cancel a subscription, facing a smiling, evasive stick-figure 'politician' giving confusing, unhelpful answers.",C:\Users\andre\OneDrive\Documents\codex\automation-chilldude\output\everyday_scams_people_still_fall_for\scenes\scene_0012.png
"00:00:36,795","00:00:39,958","more than your monthly rent, and canceling it is harder",imagem,"Cartoon stick-figure scene of a stick figure trapped in a maze of confusing terms and conditions, desperately seeking an exit, while shadowy ""company"" figures observe from above.",C:\Users\andre\OneDrive\Documents\codex\automation-chilldude\output\everyday_scams_people_still_fall_for\scenes\scene_0013.png
"00:00:39,958","00:00:43,120",than getting a straight answer from a politician. These companies,imagem,"Cartoon stick-figure scene of a politician evasively gesturing while a frustrated citizen with a red face demands a straight answer, surrounded by microphones.",C:\Users\andre\OneDrive\Documents\codex\automation-chilldude\output\everyday_scams_people_still_fall_for\scenes\scene_0014.png
"00:00:43,120","00:00:46,283",are masters of fine print and dark patterns. They hide,imagem,"Cartoon stick-figure scene of a cunning CEO stick-figure with a mischievous grin, holding a giant document with microscopic, unreadable fine print, perplexing consumers.",C:\Users\andre\OneDrive\Documents\codex\automation-chilldude\output\everyday_scams_people_still_fall_for\scenes\scene_0015.png
"00:00:46,283","00:00:49,445",the auto-renewal clause in a font so small it needs,imagem,"Cartoon stick-figure scene of a perplexed customer stick-figure squinting through a comically oversized magnifying glass at a contract, trying to read an invisibly small auto-renewal clause.",C:\Users\andre\OneDrive\Documents\codex\automation-chilldude\output\everyday_scams_people_still_fall_for\scenes\scene_0016.png
"00:00:49,445","00:00:52,608","a microscope, or bury it under layers of click-through agreements.",imagem,"Cartoon stick-figure scene of a frustrated customer stick-figure buried under an avalanche of digital ""click-through agreement"" pop-up screens, desperately searching for an escape button.",C:\Users\andre\OneDrive\Documents\codex\automation-chilldude\output\everyday_scams_people_still_fall_for\scenes\scene_0017.png
"00:00:52,608","00:00:55,770","Before you know it, you're getting charged $99.99 every month",imagem,"Cartoon stick-figure scene of a shocked customer stick-figure recoiling in horror as their bank account statement flashes a recurring $99.99 charge, with money flying away.",C:\Users\andre\OneDrive\Documents\codex\automation-chilldude\output\everyday_scams_people_still_fall_for\scenes\scene_0018.png
"00:00:55,770","00:00:58,933","for a product you tried once, hated, and then promptly",imagem,"Cartoon stick-figure scene of a disgruntled customer stick-figure angrily tossing a generic, disliked product into a towering pile of forgotten, dust-covered subscriptions, looking annoyed.",C:\Users\andre\OneDrive\Documents\codex\automation-chilldude\output\everyday_scams_people_still_fall_for\scenes\scene_0019.png
"00:00:58,933","00:01:02,096",forgot about. It's the digital equivalent of that gym membership,imagem,"Cartoon stick-figure scene of a dusty, unused gym membership card peeking out of a forgotten wallet in a cluttered drawer, symbolizing digital neglect.",C:\Users\andre\OneDrive\Documents\codex\automation-chilldude\output\everyday_scams_people_still_fall_for\scenes\scene_0020.png
"00:01:02,096","00:01:05,258",you signed up for in January and completely abandoned by,imagem,"Cartoon stick-figure scene of an enthusiastic stick-figure in January signing up for a gym, then slouched on a sofa in February, surrounded by snacks, ignoring their gym bag.",C:\Users\andre\OneDrive\Documents\codex\automation-chilldude\output\everyday_scams_people_still_fall_for\scenes\scene_0021.png
"00:01:05,258","00:01:08,421","February, except this one keeps bleeding your bank account dry",imagem,"Cartoon stick-figure scene of an unsuspecting customer stick-figure's wallet slowly but steadily leaking money into a digital abyss, completely oblivious to the financial drain.",C:\Users\andre\OneDrive\Documents\codex\automation-chilldude\output\everyday_scams_people_still_fall_for\scenes\scene_0022.png
"00:01:08,421","00:01:11,583",without you even having to feel guilty about not working,imagem,"Cartoon stick-figure scene of a content stick-figure lounging comfortably on a sofa, happily eating snacks and watching TV, feeling absolutely no guilt about missed workouts.",C:\Users\andre\OneDrive\Documents\codex\automation-chilldude\output\everyday_scams_people_still_fall_for\scenes\scene_0023.png
"00:01:11,583","00:01:11,900",out.,texto,,
"00:01:11,900","00:01:15,550","Number 9, The Fake Tech Support Call.",imagem,"Cartoon stick-figure scene of an unsuspecting elderly stick-figure answering a ringing phone, while a shadowy, mischievous stick-figure on the other end grins with ""tech support"" headset.",C:\Users\andre\OneDrive\Documents\codex\automation-chilldude\output\everyday_scams_people_still_fall_for\scenes\scene_0025.png
"00:01:15,550","00:01:18,935","Ring, ring! Your phone buzzes. You answer, and a stern-sounding",imagem,"Cartoon stick-figure scene of a startled stick-figure answering a vibrating smartphone, a stern, authoritarian speech bubble emanating from the receiver, causing alarm.",C:\Users\andre\OneDrive\Documents\codex\automation-chilldude\output\everyday_scams_people_still_fall_for\scenes\scene_0026.png
"00:01:18,935","00:01:22,321",voice with an exotic accent informs you that they're from,imagem,"Cartoon stick-figure scene of a stick-figure character answering a buzzing phone, looking confused. A stern voice bubble with an exotic accent icon hovers above, indicating a call from an unknown source.",C:\Users\andre\OneDrive\Documents\codex\automation-chilldude\output\everyday_scams_people_still_fall_for\scenes\scene_0027.png
"00:01:22,321","00:01:25,707","""Microsoft"" or ""Apple"" and your computer is riddled with viruses,",imagem,"Cartoon stick-figure scene of a concerned stick-figure on a phone call, looking at a computer screen displaying multiple, alarming virus icons and error messages.",C:\Users\andre\OneDrive\Documents\codex\automation-chilldude\output\everyday_scams_people_still_fall_for\scenes\scene_0028.png
"00:01:25,707","00:01:29,093",or perhaps it's sending out spam emails faster than a,imagem,"Cartoon stick-figure scene of a computer aggressively shooting out countless spam email envelopes from its screen, overwhelming the entire desktop surface.",C:\Users\andre\OneDrive\Documents\codex\automation-chilldude\output\everyday_scams_people_still_fall_for\scenes\scene_0029.png
"00:01:29,093","00:01:32,479",politician sends out fundraising requests. They tell you your digital,imagem,"Cartoon stick-figure scene of a computer spewing spam emails like a frantic politician's fundraising campaign. A stick-figure looks panicked as their ""digital life"" icon shatters.",C:\Users\andre\OneDrive\Documents\codex\automation-chilldude\output\everyday_scams_people_still_fall_for\scenes\scene_0030.png
"00:01:32,479","00:01:35,865","life is in peril, and only they can save it.",imagem,"Cartoon stick-figure scene of a distressed stick-figure watching their digital life (represented by icons) crumble, while a shadowy, authoritative stick-figure on the phone promises salvation.",C:\Users\andre\OneDrive\Documents\codex\automation-chilldude\output\everyday_scams_people_still_fall_for\scenes\scene_0031.png
"00:01:35,865","00:01:39,251",All you need to do is grant them remote access,imagem,"Cartoon stick-figure scene of a stick-figure hesitantly hovering their mouse over a ""Grant Remote Access"" button on their computer, as a shadowy hand reaches out from the phone.",C:\Users\andre\OneDrive\Documents\codex\automation-chilldude\output\everyday_scams_people_still_fall_for\scenes\scene_0032.png
"00:01:39,251","00:01:42,637","to your computer, and maybe, just maybe, buy some extremely",imagem,"Cartoon stick-figure scene of a stick-figure looking doubtfully at a pop-up ad for ""Extremely Overpriced Protection Software"" on their computer screen, with money symbols flying away.",C:\Users\andre\OneDrive\Documents\codex\automation-chilldude\output\everyday_scams_people_still_fall_for\scenes\scene_0033.png
"00:01:42,637","00:01:46,023","overpriced ""protection software"" or pay a ""diagnostic fee"" with gift",imagem,"Cartoon stick-figure scene of a confused stick-figure holding a pile of gift cards, looking at a computer screen demanding a ""diagnostic fee"" payment via gift card.",C:\Users\andre\OneDrive\Documents\codex\automation-chilldude\output\everyday_scams_people_still_fall_for\scenes\scene_0034.png
"00:01:46,023","00:01:49,409","cards. Now, a rational person might think, ""Wait, why would",imagem,"Cartoon stick-figure scene of a stick-figure with a ""Wait, why?"" thought bubble above their head, beginning to question the strange request for gift cards.",C:\Users\andre\OneDrive\Documents\codex\automation-chilldude\output\everyday_scams_people_still_fall_for\scenes\scene_0035.png
"00:01:49,409","00:01:52,795",Microsoft call *me*? And how do they even know I,imagem,"Cartoon stick-figure scene of a bewildered stick-figure with giant question marks, looking at a computer displaying a suspicious ""Microsoft"" logo, pondering ""How do they know?""",C:\Users\andre\OneDrive\Documents\codex\automation-chilldude\output\everyday_scams_people_still_fall_for\scenes\scene_0036.png
"00:01:52,795","00:01:56,181","have a problem?"" But in that moment of panic, when",imagem,"Cartoon stick-figure scene of a stick-figure in a state of panic, eyes wide, as their digital photos and bank account icons flicker menacingly, while a ""logic"" icon runs away.",C:\Users\andre\OneDrive\Documents\codex\automation-chilldude\output\everyday_scams_people_still_fall_for\scenes\scene_0037.png
"00:01:56,181","00:01:59,567","your digital photos and bank accounts feel threatened, logic often",imagem,"Cartoon stick-figure scene of a ""Logic"" icon lying on a beach chair, cocktail in hand, while a stick-figure on the phone receives a ""Scam Alert!"" pop-up on their computer screen.",C:\Users\andre\OneDrive\Documents\codex\automation-chilldude\output\everyday_scams_people_still_fall_for\scenes\scene_0038.png
"00:01:59,567","00:02:02,953","takes a vacation. People, these companies do not cold-call you",imagem,"Cartoon stick-figure scene of a relaxed stick-figure enjoying a beach vacation, phone ringing unnoticed, while a separate, stressed stick-figure frantically cold-calls from an office desk, highlighting unsolicited contact.",C:\Users\andre\OneDrive\Documents\codex\automation-chilldude\output\everyday_scams_people_still_fall_for\scenes\scene_0039.png
"00:02:02,953","00:02:06,339",about your computer problems. It's like your car dealership calling,imagem,"Cartoon stick-figure scene of a bewildered stick-figure staring at a glitching computer screen, while a car salesman stick-figure casually makes a suspicious phone call from a busy dealership floor.",C:\Users\andre\OneDrive\Documents\codex\automation-chilldude\output\everyday_scams_people_still_fall_for\scenes\scene_0040.png
"00:02:06,339","00:02:09,725",to say your tires are flat without you having told,imagem,"Cartoon stick-figure scene of a stick-figure mechanic pointing ominously at a car with completely flat tires, while the surprised car owner stick-figure looks on, baffled at the unsolicited knowledge.",C:\Users\andre\OneDrive\Documents\codex\automation-chilldude\output\everyday_scams_people_still_fall_for\scenes\scene_0041.png
"00:02:09,725","00:02:13,111",them anything about your car – it just doesn't happen.,imagem,"Cartoon stick-figure scene of a bewildered stick-figure scratching their head beside a perfectly fine car, while a shadowy figure in a dealership uniform mysteriously observes from a distance, an impossible scenario.",C:\Users\andre\OneDrive\Documents\codex\automation-chilldude\output\everyday_scams_people_still_fall_for\scenes\scene_0042.png
"00:02:13,111","00:02:16,497","They'll install actual malware, steal your personal data, or simply",imagem,"Cartoon stick-figure scene of a sinister stick-figure hacker stealthily installing malicious software onto a computer, personal data files visibly floating away from the screen into the shadows.",C:\Users\andre\OneDrive\Documents\codex\automation-chilldude\output\everyday_scams_people_still_fall_for\scenes\scene_0043.png
"00:02:16,497","00:02:19,883",charge you an exorbitant amount for fixing a problem that,imagem,"Cartoon stick-figure scene of a shocked stick-figure holding a ridiculously huge bill, pointing at a perfectly fine computer, while a scammer stick-figure grins, counting stacks of money nearby.",C:\Users\andre\OneDrive\Documents\codex\automation-chilldude\output\everyday_scams_people_still_fall_for\scenes\scene_0044.png
"00:02:19,883","00:02:23,269","never existed. It’s a classic, but it still reels in",imagem,"Cartoon stick-figure scene of a cunning stick-figure fisherman at a desk, reeling in multiple small stick-figure 'fish' with a computer screen as bait, illustrating a classic scam.",C:\Users\andre\OneDrive\Documents\codex\automation-chilldude\output\everyday_scams_people_still_fall_for\scenes\scene_0045.png
"00:02:23,269","00:02:25,640",victims like fish on a Friday night.,imagem,"Cartoon stick-figure scene of a stick-figure scammer enthusiastically reeling in a net full of bewildered stick-figure 'fish' from a fishing boat, under a Friday night sky.",C:\Users\andre\OneDrive\Documents\codex\automation-chilldude\output\everyday_scams_people_still_fall_for\scenes\scene_0046.png
"00:02:25,640","00:02:28,650","Number 8, The Grandparent Scam.",imagem,"Cartoon stick-figure scene of an elderly stick-figure grandparent with a worried expression, holding a phone to their ear, while a shadowy, deceptive figure lurks in the background.",C:\Users\andre\OneDrive\Documents\codex\automation-chilldude\output\everyday_scams_people_still_fall_for\scenes\scene_0047.png
"00:02:28,650","00:02:32,267",This one is truly despicable because it preys on the,imagem,"Cartoon stick-figure scene of a sneaky, dark stick-figure predator silently approaching a vulnerable, unsuspecting stick-figure from behind, emphasizing a despicable act of preying.",C:\Users\andre\OneDrive\Documents\codex\automation-chilldude\output\everyday_scams_people_still_fall_for\scenes\scene_0048.png
"00:02:32,267","00:02:35,885",love and concern people have for their family. Imagine this:,imagem,"Cartoon stick-figure scene of a loving stick-figure family embracing warmly, then a thought bubble above a grandparent stick-figure showing deep concern while answering a phone call.",C:\Users\andre\OneDrive\Documents\codex\automation-chilldude\output\everyday_scams_people_still_fall_for\scenes\scene_0049.png
"00:02:35,885","00:02:39,503","your phone rings, and it's a frantic voice, muffled or",imagem,"Cartoon stick-figure scene of a stick-figure startled by a ringing phone, holding it to their ear with a confused expression as a garbled, muffled, frantic voice emanates.",C:\Users\andre\OneDrive\Documents\codex\automation-chilldude\output\everyday_scams_people_still_fall_for\scenes\scene_0050.png
"00:02:39,503","00:02:43,120","distorted, claiming to be your grandchild. They're in terrible trouble",imagem,"Cartoon stick-figure scene of characters reacting to: distorted, claiming to be your grandchild. They're in terrib",C:\Users\andre\OneDrive\Documents\codex\automation-chilldude\output\everyday_scams_people_still_fall_for\scenes\scene_0051.png
"00:02:43,120","00:02:46,738","– they've been arrested, they're stuck in a foreign country,",imagem,"Cartoon stick-figure scene of characters reacting to: – they've been arrested, they're stuck in a foreign country,",C:\Users\andre\OneDrive\Documents\codex\automation-chilldude\output\everyday_scams_people_still_fall_for\scenes\scene_0052.png
"00:02:46,738","00:02:50,356","they've been in an accident, or they need emergency surgery.",imagem,"Cartoon stick-figure scene of characters reacting to: they've been in an accident, or they need emergency surgery.",C:\Users\andre\OneDrive\Documents\codex\automation-chilldude\output\everyday_scams_people_still_fall_for\scenes\scene_0053.png
"00:02:50,356","00:02:53,974","The kicker? They beg you not to tell their parents,",imagem,"Cartoon stick-figure scene of characters reacting to: The kicker? They beg you not to tell their parents,",C:\Users\andre\OneDrive\Documents\codex\automation-chilldude\output\everyday_scams_people_still_fall_for\scenes\scene_0054.png
"00:02:53,974","00:02:57,591","often saying something like, ""Grampa, please, I'm so ashamed, don't",imagem,"Cartoon stick-figure scene of characters reacting to: often saying something like, ""Grampa, please, I'm so ashamed",C:\Users\andre\OneDrive\Documents\codex\automation-chilldude\output\everyday_scams_people_still_fall_for\scenes\scene_0055.png
"00:02:57,591","00:03:01,209","tell Mom and Dad!"" They need money, immediately, usually through",imagem,"Cartoon stick-figure scene of characters reacting to: tell Mom and Dad!"" They need money, immediately, usually thr",C:\Users\andre\OneDrive\Documents\codex\automation-chilldude\output\everyday_scams_people_still_fall_for\scenes\scene_0056.png
"00:03:01,209","00:03:04,827","wire transfer, gift cards, or cryptocurrency – methods that are",imagem,"Cartoon stick-figure scene of characters reacting to: wire transfer, gift cards, or cryptocurrency – methods that ",C:\Users\andre\OneDrive\Documents\codex\automation-chilldude\output\everyday_scams_people_still_fall_for\scenes\scene_0057.png
"00:03:04,827","00:03:08,445","hard to trace. The urgency, the emotional plea, and the",imagem,"Cartoon stick-figure scene of characters reacting to: hard to trace. The urgency, the emotional plea, and the",C:\Users\andre\OneDrive\Documents\codex\automation-chilldude\output\everyday_scams_people_still_fall_for\scenes\scene_0058.png
"00:03:08,445","00:03:12,062","implied secrecy short-circuit critical thinking. Many grandparents, caught off guard",imagem,Cartoon stick-figure scene of characters reacting to: implied secrecy short-circuit critical thinking. Many grandp,C:\Users\andre\OneDrive\Documents\codex\automation-chilldude\output\everyday_scams_people_still_fall_for\scenes\scene_0059.png
"00:03:12,062","00:03:15,680","and desperate to help, don't take the few seconds it",imagem,"Cartoon stick-figure scene of characters reacting to: and desperate to help, don't take the few seconds it",C:\Users\andre\OneDrive\Documents\codex\automation-chilldude\output\everyday_scams_people_still_fall_for\scenes\scene_0060.png
"00:03:15,680","00:03:19,298",would require to call their grandchild directly or contact their,imagem,Cartoon stick-figure scene of characters reacting to: would require to call their grandchild directly or contact t,C:\Users\andre\OneDrive\Documents\codex\automation-chilldude\output\everyday_scams_people_still_fall_for\scenes\scene_0061.png
"00:03:19,298","00:03:22,916",parents to verify the story. It’s like a horror movie,imagem,Cartoon stick-figure scene of characters reacting to: parents to verify the story. It’s like a horror movie,C:\Users\andre\OneDrive\Documents\codex\automation-chilldude\output\everyday_scams_people_still_fall_for\scenes\scene_0062.png
"00:03:22,916","00:03:26,533","where the monster is your own loving heart, tricked into",imagem,"Cartoon stick-figure scene of a giant, glowing red heart with sharp teeth, a ""monster heart,"" subtly manipulating a tiny stick figure who looks confused and vulnerable.",C:\Users\andre\OneDrive\Documents\codex\automation-chilldude\output\everyday_scams_people_still_fall_for\scenes\scene_0063.png
"00:03:26,533","00:03:30,151","giving away your life savings to a stranger. Always, always",imagem,"Cartoon stick-figure scene of a naive old stick figure sadly emptying their piggy bank, handing stacks of cash to a shady-looking stranger with a sly grin, indoors.",C:\Users\andre\OneDrive\Documents\codex\automation-chilldude\output\everyday_scams_people_still_fall_for\scenes\scene_0064.png
"00:03:30,151","00:03:33,769",verify. A quick call to another family member can save,imagem,"Cartoon stick-figure scene of a stick figure talking urgently on a phone, looking stressed, while another stick figure in the background listens with concern.",C:\Users\andre\OneDrive\Documents\codex\automation-chilldude\output\everyday_scams_people_still_fall_for\scenes\scene_0065.png
"00:03:33,769","00:03:35,940",you thousands and a broken heart.,avatar,,
"00:03:35,940","00:03:39,590","Number 7, The Lottery or Sweepstakes Scam.",imagem,"Cartoon stick-figure scene of a large, shimmering golden ""Number 7"" and text ""Lottery Scam"" hovering over a stick figure celebrating prematurely amidst confetti.",C:\Users\andre\OneDrive\Documents\codex\automation-chilldude\output\everyday_scams_people_still_fall_for\scenes\scene_0067.png
"00:03:39,590","00:03:43,253",Congratulations! You've just won ten million dollars in a lottery,imagem,"Cartoon stick-figure scene of an ecstatic stick figure jumping with joy, holding a giant check for ""TEN MILLION DOLLARS"" that sparkles, confetti falling around them.",C:\Users\andre\OneDrive\Documents\codex\automation-chilldude\output\everyday_scams_people_still_fall_for\scenes\scene_0068.png
"00:03:43,253","00:03:46,916","you never entered, or a sweepstakes you’ve never heard of!",avatar,,
"00:03:46,916","00:03:50,579","All you have to do is pay a small ""processing",imagem,"Cartoon stick-figure scene of a slick, smiling stick-figure scammer holding out a hand, demanding a ""small fee"" from a hopeful, unsuspecting stick figure who looks hesitant.",C:\Users\andre\OneDrive\Documents\codex\automation-chilldude\output\everyday_scams_people_still_fall_for\scenes\scene_0070.png
"00:03:50,579","00:03:54,242","fee,"" ""tax,"" or ""customs charge"" to release your winnings. Seriously,",imagem,"Cartoon stick-figure scene of a bewildered stick figure entangled in a web of strings labeled ""Fee,"" ""Tax,"" ""Customs Charge,"" trying to reach a distant pile of money.",C:\Users\andre\OneDrive\Documents\codex\automation-chilldude\output\everyday_scams_people_still_fall_for\scenes\scene_0071.png
"00:03:54,242","00:03:57,905",how many times has this played out? It's the equivalent,avatar,,
"00:03:57,905","00:04:01,568",of someone telling you they've found a pot of gold,imagem,Cartoon stick-figure scene of a stick figure enthusiastically pointing towards a vibrant rainbow with a shimmering pot of gold at its distant end.,C:\Users\andre\OneDrive\Documents\codex\automation-chilldude\output\everyday_scams_people_still_fall_for\scenes\scene_0073.png
"00:04:01,568","00:04:05,231","at the end of a rainbow, but you need to",imagem,"Cartoon stick-figure scene of a stick figure greedily eyeing a shimmering pot of gold at a rainbow's end, while another stick figure holds a ""shovel for sale"" sign.",C:\Users\andre\OneDrive\Documents\codex\automation-chilldude\output\everyday_scams_people_still_fall_for\scenes\scene_0074.png
"00:04:05,231","00:04:08,894","pay them for the shovel. The scam relies on pure,",imagem,"Cartoon stick-figure scene of a sly stick figure selling a rusty shovel to a desperate, eager stick figure, pointing towards a faint rainbow and a distant pot of gold.",C:\Users\andre\OneDrive\Documents\codex\automation-chilldude\output\everyday_scams_people_still_fall_for\scenes\scene_0075.png
"00:04:08,894","00:04:12,557",unadulterated greed and the fantasy of instant wealth. No legitimate,avatar,,
"00:04:12,557","00:04:16,220",lottery or sweepstakes will ever ask you to pay money,imagem,"Cartoon stick-figure scene of a stern stick figure pointing at a ""NO UPFRONT FEES"" sign next to a lottery ticket, warning an excited stick figure.",C:\Users\andre\OneDrive\Documents\codex\automation-chilldude\output\everyday_scams_people_still_fall_for\scenes\scene_0077.png
"00:04:16,220","00:04:19,883",upfront to receive your winnings. Think about it: if you've,imagem,"Cartoon stick-figure scene of a stick figure with a lightbulb above their head, realizing the absurdity of paying upfront for lottery winnings, looking thoughtful.",C:\Users\andre\OneDrive\Documents\codex\automation-chilldude\output\everyday_scams_people_still_fall_for\scenes\scene_0078.png
"00:04:19,883","00:04:23,546","actually won millions, they can just deduct the ""fee"" from",imagem,"Cartoon stick-figure scene of a stick figure happily holding a giant ""winnings"" check, while another shifty stick figure tries to deduct a ""fee"" from it.",C:\Users\andre\OneDrive\Documents\codex\automation-chilldude\output\everyday_scams_people_still_fall_for\scenes\scene_0079.png
"00:04:23,546","00:04:27,209","your prize money. The fact that they can't, or won't,",avatar,,
"00:04:27,209","00:04:30,872",is your first and only red flag. These scammers often,imagem,"Cartoon stick-figure scene of a stick figure pointing at a suspicious ""official letter"" with a giant red flag attached, highlighting the fake seals and impressive letterhead.",C:\Users\andre\OneDrive\Documents\codex\automation-chilldude\output\everyday_scams_people_still_fall_for\scenes\scene_0081.png
"00:04:30,872","00:04:34,535","send official-looking letters, complete with fake seals and impressive letterheads,",imagem,"Cartoon stick-figure scene of a stick figure proudly displaying a highly detailed, fake official letter complete with prominent fake seals and elaborate letterhead, looking convincing.",C:\Users\andre\OneDrive\Documents\codex\automation-chilldude\output\everyday_scams_people_still_fall_for\scenes\scene_0082.png
"00:04:34,535","00:04:38,198",making it seem incredibly legitimate. But the moment they ask,imagem,"Cartoon stick-figure scene of a stick figure looking puzzled while holding a fake official letter, as a shadowy hand points to options for payment via wire transfer and gift cards.",C:\Users\andre\OneDrive\Documents\codex\automation-chilldude\output\everyday_scams_people_still_fall_for\scenes\scene_0083.png
"00:04:38,198","00:04:41,861","you to send money via wire transfer, gift cards, or",avatar,,
"00:04:41,861","00:04:45,524","even bitcoin, for your ""winnings,"" you can be 100% sure",imagem,"Cartoon stick-figure scene of a stick figure sadly looking at a pile of gift cards and bitcoin symbols, realizing their ""winnings"" are a scam, looking utterly disappointed.",C:\Users\andre\OneDrive\Documents\codex\automation-chilldude\output\everyday_scams_people_still_fall_for\scenes\scene_0085.png
"00:04:45,524","00:04:49,187",it’s a scam. Your millions are as real as my,imagem,"Cartoon stick-figure scene of a stick figure riding a shimmering, imaginary unicorn through a landscape filled with scam-related elements, symbolizing unreal millions.",C:\Users\andre\OneDrive\Documents\codex\automation-chilldude\output\everyday_scams_people_still_fall_for\scenes\scene_0086.png
"00:04:49,187","00:04:49,920",pet unicorn.,avatar,,
"00:04:49,920","00:04:53,335","Ah, the phishing email. The cockroach of the internet –",imagem,"Cartoon stick-figure scene of a stick figure frantically swatting at a swarm of ugly, persistent emails shaped like cockroaches flying out of a computer screen.",C:\Users\andre\OneDrive\Documents\codex\automation-chilldude\output\everyday_scams_people_still_fall_for\scenes\scene_0088.png
"00:04:53,335","00:04:56,750","ugly, annoying, and seemingly impossible to get rid of. You",avatar,,
"00:04:56,750","00:05:00,165","know the drill: an email lands in your inbox, seemingly",imagem,"Cartoon stick-figure scene of a stick figure observing a computer screen, where multiple urgent-looking emails from various trusted sources like a bank and Netflix are popping up.",C:\Users\andre\OneDrive\Documents\codex\automation-chilldude\output\everyday_scams_people_still_fall_for\scenes\scene_0090.png
"00:05:00,165","00:05:03,581","from your bank, PayPal, Netflix, or even your boss. It",imagem,"Cartoon stick-figure scene of a stick figure looking alarmed at a computer screen displaying urgent alerts about ""suspicious activity"" from a bank and a ""password reset"" from Netflix.",C:\Users\andre\OneDrive\Documents\codex\automation-chilldude\output\everyday_scams_people_still_fall_for\scenes\scene_0091.png
"00:05:03,581","00:05:06,996","says there's been ""suspicious activity"" on your account, your password",avatar,,
"00:05:06,996","00:05:10,411","needs to be ""reset immediately,"" or there's an ""urgent invoice""",imagem,"Cartoon stick-figure scene of a stick figure staring intently at a seemingly legitimate email with official logos, an urgent tone, and a prominent ""Reset Password Immediately"" button.",C:\Users\andre\OneDrive\Documents\codex\automation-chilldude\output\everyday_scams_people_still_fall_for\scenes\scene_0093.png
"00:05:10,411","00:05:13,826","waiting. It looks legitimate, the logo is there, the tone",imagem,"Cartoon stick-figure scene of a stick figure hovering their mouse over an urgent-looking email link that says ""Verify Your Details,"" the computer screen glowing deceptively.",C:\Users\andre\OneDrive\Documents\codex\automation-chilldude\output\everyday_scams_people_still_fall_for\scenes\scene_0094.png
"00:05:13,826","00:05:17,242","is urgent, and there's a convenient link to ""verify your",avatar,,
"00:05:17,242","00:05:20,657","details."" Click that link, and you're not going to your",imagem,"Cartoon stick-figure scene of a stick figure clicking a link, instantly teleported from a genuine bank website to an identical, but subtly sinister, replica website.",C:\Users\andre\OneDrive\Documents\codex\automation-chilldude\output\everyday_scams_people_still_fall_for\scenes\scene_0096.png
"00:05:20,657","00:05:24,072",bank's website. You're going to a meticulously crafted replica designed,imagem,"Cartoon stick-figure scene of a stick-figure ninja swiftly stealing login credentials from a computer screen displaying a fake bank website, while a stick-figure user looks on confused.",C:\Users\andre\OneDrive\Documents\codex\automation-chilldude\output\everyday_scams_people_still_fall_for\scenes\scene_0097.png
"00:05:24,072","00:05:27,487",to steal your login credentials faster than a ninja in,avatar,,
"00:05:27,487","00:05:30,903","a dark alley. Once they have your username and password,",imagem,"Cartoon stick-figure scene of a stick-figure hacker proudly holding a giant key labeled ""Digital Kingdom"" with a username/password tag, standing before a locked castle gate.",C:\Users\andre\OneDrive\Documents\codex\automation-chilldude\output\everyday_scams_people_still_fall_for\scenes\scene_0099.png
"00:05:30,903","00:05:34,318",they've got the keys to your digital kingdom. This isn't,imagem,"Cartoon stick-figure scene of a stick-figure hacker using a giant key to unlock a castle gate, while a stick-figure user sadly watches a broken Netflix logo on a screen.",C:\Users\andre\OneDrive\Documents\codex\automation-chilldude\output\everyday_scams_people_still_fall_for\scenes\scene_0100.png
"00:05:34,318","00:05:37,733",just about losing a Netflix account; it can lead to,avatar,,
"00:05:37,733","00:05:41,149","identity theft, drained bank accounts, or even your entire professional",imagem,"Cartoon stick-figure scene of a distressed stick-figure, surrounded by an empty wallet, a smashed network server, and a ""stolen identity"" sign, representing severe consequences.",C:\Users\andre\OneDrive\Documents\codex\automation-chilldude\output\everyday_scams_people_still_fall_for\scenes\scene_0102.png
"00:05:41,149","00:05:44,564","network being compromised. Always, always check the sender's email address",imagem,"Cartoon stick-figure scene of a stick-figure carefully scrutinizing an email address on a computer screen with a magnifying glass, while a suspicious link hovers showing a deceptive URL.",C:\Users\andre\OneDrive\Documents\codex\automation-chilldude\output\everyday_scams_people_still_fall_for\scenes\scene_0103.png
"00:05:44,564","00:05:47,979",and hover over links to see where they actually lead.,imagem,"Cartoon stick-figure scene of a stick-figure hovering a mouse over a link that reveals a misleading URL, then turning to confidently type an official website address into a browser.",C:\Users\andre\OneDrive\Documents\codex\automation-chilldude\output\everyday_scams_people_still_fall_for\scenes\scene_0104.png
"00:05:47,979","00:05:51,394","If in doubt, go directly to the company's official website,",avatar,,
"00:05:51,394","00:05:54,810",don't click the link in the email. It's the oldest,imagem,"Cartoon stick-figure scene of a stick-figure resisting the urge to click a glowing ""TRAP"" link in an email, while a mischievous stick-figure behind a large, old book chuckles.",C:\Users\andre\OneDrive\Documents\codex\automation-chilldude\output\everyday_scams_people_still_fall_for\scenes\scene_0106.png
"00:05:54,810","00:05:58,225","trick in the book, and yet, it still ensnares millions",imagem,"Cartoon stick-figure scene of countless stick-figures being caught in a giant net labeled ""Phishing,"" while a stick-figure villain gleefully holds an ancient ""Scam Book.""",C:\Users\andre\OneDrive\Documents\codex\automation-chilldude\output\everyday_scams_people_still_fall_for\scenes\scene_0107.png
"00:05:58,225","00:05:59,250",every single day.,avatar,,
"00:05:59,250","00:06:04,140","Number 5, The Fake Online Store or Social Media Ad.",imagem,"Cartoon stick-figure scene of a stick-figure happily scrolling a social media feed, suddenly encountering a brightly colored, suspicious-looking ""Too Good To Be True Sale"" ad.",C:\Users\andre\OneDrive\Documents\codex\automation-chilldude\output\everyday_scams_people_still_fall_for\scenes\scene_0109.png
"00:06:04,140","00:06:07,563","You’re scrolling through Instagram or Facebook, and suddenly, there it",avatar,,
"00:06:07,563","00:06:10,986","is: that designer bag you’ve been eyeing, but for 90%",imagem,"Cartoon stick-figure scene of a stick-figure excitedly pointing at a glamorous designer bag with a ""90% OFF"" tag on a fake online store, next to a cheap gaming console.",C:\Users\andre\OneDrive\Documents\codex\automation-chilldude\output\everyday_scams_people_still_fall_for\scenes\scene_0111.png
"00:06:10,986","00:06:14,409",off! Or maybe it’s a brand-new gaming console for half,imagem,"Cartoon stick-figure scene of a stick-figure scratching their head in disbelief, looking at an impossibly low price tag on a desired item, surrounded by giant question marks.",C:\Users\andre\OneDrive\Documents\codex\automation-chilldude\output\everyday_scams_people_still_fall_for\scenes\scene_0112.png
"00:06:14,409","00:06:17,833","the price. It seems too good to be true, and",avatar,,
"00:06:17,833","00:06:21,256",guess what? It absolutely is. These fake online stores pop,imagem,"Cartoon stick-figure scene of numerous identical fake online store websites sprouting like mushrooms from the ground, each displaying stolen, high-quality product images.",C:\Users\andre\OneDrive\Documents\codex\automation-chilldude\output\everyday_scams_people_still_fall_for\scenes\scene_0114.png
"00:06:21,256","00:06:24,679","up like mushrooms after rain, often using stolen product images,",imagem,"Cartoon stick-figure scene of characters reacting to: up like mushrooms after rain, often using stolen product ima",C:\Users\andre\OneDrive\Documents\codex\automation-chilldude\output\everyday_scams_people_still_fall_for\scenes\scene_0115.png
"00:06:24,679","00:06:28,103","professional-looking websites, and incredibly tempting prices to lure you in.",imagem,"Cartoon stick-figure scene of characters reacting to: professional-looking websites, and incredibly tempting price",C:\Users\andre\OneDrive\Documents\codex\automation-chilldude\output\everyday_scams_people_still_fall_for\scenes\scene_0116.png
"00:06:28,103","00:06:31,526","You click, you add to cart, you enter your credit",avatar,,
"00:06:31,526","00:06:34,949","card details, and then... nothing. Your order never arrives, your",imagem,"Cartoon stick-figure scene of characters reacting to: card details, and then... nothing. Your order never arrives,",C:\Users\andre\OneDrive\Documents\codex\automation-chilldude\output\everyday_scams_people_still_fall_for\scenes\scene_0118.png
"00:06:34,949","00:06:38,372","money is gone, and the website vanishes faster than my",imagem,"Cartoon stick-figure scene of characters reacting to: money is gone, and the website vanishes faster than my",C:\Users\andre\OneDrive\Documents\codex\automation-chilldude\output\everyday_scams_people_still_fall_for\scenes\scene_0119.png
"00:06:38,372","00:06:41,796","motivation on a Monday morning. Sometimes, if you're ""lucky,"" you'll",avatar,,
"00:06:41,796","00:06:45,219","receive a cheap, knock-off version of what you ordered –",imagem,"Cartoon stick-figure scene of characters reacting to: receive a cheap, knock-off version of what you ordered –",C:\Users\andre\OneDrive\Documents\codex\automation-chilldude\output\everyday_scams_people_still_fall_for\scenes\scene_0121.png
"00:06:45,219","00:06:48,642",like getting a potato sack when you expected a designer,imagem,Cartoon stick-figure scene of characters reacting to: like getting a potato sack when you expected a designer,C:\Users\andre\OneDrive\Documents\codex\automation-chilldude\output\everyday_scams_people_still_fall_for\scenes\scene_0122.png
"00:06:48,642","00:06:52,066",dress. These scams are particularly prevalent during holiday shopping seasons.,avatar,,
"00:06:52,066","00:06:55,489","Always check reviews, look for legitimate contact information, and be",imagem,"Cartoon stick-figure scene of characters reacting to: Always check reviews, look for legitimate contact informatio",C:\Users\andre\OneDrive\Documents\codex\automation-chilldude\output\everyday_scams_people_still_fall_for\scenes\scene_0124.png
"00:06:55,489","00:06:58,912",wary of prices that are unbelievably low. If a brand-new,imagem,Cartoon stick-figure scene of characters reacting to: wary of prices that are unbelievably low. If a brand-new,C:\Users\andre\OneDrive\Documents\codex\automation-chilldude\output\everyday_scams_people_still_fall_for\scenes\scene_0125.png
"00:06:58,912","00:07:02,336","iPhone 15 is selling for $100, it’s not a bargain,",avatar,,
"00:07:02,336","00:07:04,390","it’s a trap, plain and simple.",imagem,"Cartoon stick-figure scene of characters reacting to: it’s a trap, plain and simple.",C:\Users\andre\OneDrive\Documents\codex\automation-chilldude\output\everyday_scams_people_still_fall_for\scenes\scene_0127.png
"00:07:04,390","00:07:08,249","This one is a real heartbreaker, literally and financially. Imagine",imagem,"Cartoon stick-figure scene of characters reacting to: This one is a real heartbreaker, literally and financially. ",C:\Users\andre\OneDrive\Documents\codex\automation-chilldude\output\everyday_scams_people_still_fall_for\scenes\scene_0128.png
"00:07:08,249","00:07:12,109","meeting the perfect person online – they're charming, attentive, handsome,",avatar,,
"00:07:12,109","00:07:15,968",and seem to understand you better than anyone ever has.,imagem,Cartoon stick-figure scene of characters reacting to: and seem to understand you better than anyone ever has.,C:\Users\andre\OneDrive\Documents\codex\automation-chilldude\output\everyday_scams_people_still_fall_for\scenes\scene_0130.png
"00:07:15,968","00:07:19,828","They live far away, often in another country, which explains",imagem,"Cartoon stick-figure scene of characters reacting to: They live far away, often in another country, which explains",C:\Users\andre\OneDrive\Documents\codex\automation-chilldude\output\everyday_scams_people_still_fall_for\scenes\scene_0131.png
"00:07:19,828","00:07:23,687",why you can't meet in person. After weeks or months,imagem,"Cartoon stick-figure scene of two stick-figures, one on a tiny island, the other on a distant continent, waving sadly at each other across a vast ocean, symbolizing long distance.",C:\Users\andre\OneDrive\Documents\codex\automation-chilldude\output\everyday_scams_people_still_fall_for\scenes\scene_0132.png
"00:07:23,687","00:07:27,547","of intense digital courtship, they confess their undying love. Then,",avatar,,
"00:07:27,547","00:07:31,407","the inevitable happens: an ""emergency."" Their business deal went south,",imagem,"Cartoon stick-figure scene of a distressed stick-figure in a rumpled suit, standing amidst scattered papers and a broken 'Deal' sign, looking panicked over a failed business deal.",C:\Users\andre\OneDrive\Documents\codex\automation-chilldude\output\everyday_scams_people_still_fall_for\scenes\scene_0134.png
"00:07:31,407","00:07:35,266","a family member is sick, they need money for a",imagem,"Cartoon stick-figure scene of a worried stick-figure tearfully holding a 'Sick Family' sign next to an empty wallet, looking pleadingly for financial help.",C:\Users\andre\OneDrive\Documents\codex\automation-chilldude\output\everyday_scams_people_still_fall_for\scenes\scene_0135.png
"00:07:35,266","00:07:39,126","flight to finally meet you, or they're in some kind",imagem,"Cartoon stick-figure scene of a stick-figure with a hopeful yet desperate expression, holding an airplane ticket and an empty coin purse, looking at a distant destination for travel money.",C:\Users\andre\OneDrive\Documents\codex\automation-chilldude\output\everyday_scams_people_still_fall_for\scenes\scene_0136.png
"00:07:39,126","00:07:42,985","of legal trouble. And because you're so deeply invested emotionally,",imagem,"Cartoon stick-figure scene of a stick-figure looking trapped in a tangled web of 'Love' strings, while another stick-figure gestures urgently from behind 'Legal Trouble' bars.",C:\Users\andre\OneDrive\Documents\codex\automation-chilldude\output\everyday_scams_people_still_fall_for\scenes\scene_0137.png
"00:07:42,985","00:07:46,845",you send the money. Then more money. And more. Before,avatar,,
"00:07:46,845","00:07:50,705","you know it, you've emptied your savings, taken out loans,",imagem,"Cartoon stick-figure scene of a stick-figure looking distraught, standing beside a piggy bank shattered into pieces, surrounded by empty wallets and loan documents.",C:\Users\andre\OneDrive\Documents\codex\automation-chilldude\output\everyday_scams_people_still_fall_for\scenes\scene_0139.png
"00:07:50,705","00:07:54,564","and maxed out credit cards, all for someone who never",imagem,"Cartoon stick-figure scene of a sad stick-figure holding multiple maxed-out credit cards, looking at a faded, blurry silhouette of an unknown person in the distance.",C:\Users\andre\OneDrive\Documents\codex\automation-chilldude\output\everyday_scams_people_still_fall_for\scenes\scene_0140.png
"00:07:54,564","00:07:58,424",existed outside of their meticulously crafted persona. The FBI reported,imagem,"Cartoon stick-figure scene of a stick-figure sadly peeling back a mask from another stick-figure, revealing a blank, hollow face underneath, surrounded by digital screens.",C:\Users\andre\OneDrive\Documents\codex\automation-chilldude\output\everyday_scams_people_still_fall_for\scenes\scene_0141.png
"00:07:58,424","00:08:02,283",that romance scams cost Americans over $1.3 billion in 2022,avatar,,
"00:08:02,283","00:08:06,143","alone. These scammers are psychological manipulators, playing on loneliness and",imagem,"Cartoon stick-figure scene of a shadowy stick-figure puppet master pulling strings attached to a lonely, isolated stick-figure, who looks sad and vulnerable, manipulated by loneliness.",C:\Users\andre\OneDrive\Documents\codex\automation-chilldude\output\everyday_scams_people_still_fall_for\scenes\scene_0143.png
"00:08:06,143","00:08:10,002",the desire for connection. If your online sweetheart needs money,imagem,"Cartoon stick-figure scene of a hopeful stick-figure reaching out to a glowing screen, where another stick-figure is holding out an empty hand, requesting money from an online sweetheart.",C:\Users\andre\OneDrive\Documents\codex\automation-chilldude\output\everyday_scams_people_still_fall_for\scenes\scene_0144.png
"00:08:10,002","00:08:13,862","for any reason, especially if you've never met them in",imagem,"Cartoon stick-figure scene of a stick-figure on a speeding heart-shaped vehicle abruptly hitting the brakes, sparks flying, realizing the 'love' ahead is a mirage.",C:\Users\andre\OneDrive\Documents\codex\automation-chilldude\output\everyday_scams_people_still_fall_for\scenes\scene_0145.png
"00:08:13,862","00:08:17,722","person, slam on the brakes. It's not love, it's a",avatar,,
"00:08:17,722","00:08:18,880",very expensive illusion.,imagem,"Cartoon stick-figure scene of a stick-figure looking utterly defeated, standing amidst a pile of money transforming into shimmering, disappearing illusions, symbolizing an expensive illusion.",C:\Users\andre\OneDrive\Documents\codex\automation-chilldude\output\everyday_scams_people_still_fall_for\scenes\scene_0147.png
"00:08:18,880","00:08:23,250","Number 3, The Utility or Government Impersonation Threat.",imagem,"Cartoon stick-figure scene of characters reacting to: Number 3, The Utility or Government Impersonation Threat.",C:\Users\andre\OneDrive\Documents\codex\automation-chilldude\output\everyday_scams_people_still_fall_for\scenes\scene_0148.png
"00:08:23,250","00:08:26,649","Your phone rings, or you get a text message, and",avatar,,
"00:08:26,649","00:08:30,049","it's from someone claiming to be from your gas company,",avatar,,
"00:08:30,049","00:08:33,448","electric company, or even the IRS. The message is always",imagem,"Cartoon stick-figure scene of characters reacting to: electric company, or even the IRS. The message is always",C:\Users\andre\OneDrive\Documents\codex\automation-chilldude\output\everyday_scams_people_still_fall_for\scenes\scene_0151.png
"00:08:33,448","00:08:36,848","urgent and terrifying: ""Your power will be shut off in",avatar,,
"00:08:36,848","00:08:40,247","30 minutes if you don't pay your overdue bill immediately!""",imagem,"Cartoon stick-figure scene of characters reacting to: 30 minutes if you don't pay your overdue bill immediately!""",C:\Users\andre\OneDrive\Documents\codex\automation-chilldude\output\everyday_scams_people_still_fall_for\scenes\scene_0153.png
"00:08:40,247","00:08:43,647","or ""You owe back taxes and a warrant has been",avatar,,
"00:08:43,647","00:08:47,046","issued for your arrest!"" They demand payment right away, often",imagem,"Cartoon stick-figure scene of characters reacting to: issued for your arrest!"" They demand payment right away, oft",C:\Users\andre\OneDrive\Documents\codex\automation-chilldude\output\everyday_scams_people_still_fall_for\scenes\scene_0155.png
"00:08:47,046","00:08:50,446","insisting on gift cards, wire transfers, or cryptocurrency, because, you",avatar,,
"00:08:50,446","00:08:53,845","know, that's how legitimate government agencies and utility companies collect",avatar,,
"00:08:53,845","00:08:57,245","payments. Yeah, no. These scams rely on fear and urgency",imagem,"Cartoon stick-figure scene of characters reacting to: payments. Yeah, no. These scams rely on fear and urgency",C:\Users\andre\OneDrive\Documents\codex\automation-chilldude\output\everyday_scams_people_still_fall_for\scenes\scene_0158.png
"00:08:57,245","00:09:00,644",to bypass your common sense. No legitimate utility company will,avatar,,
"00:09:00,644","00:09:04,044","threaten immediate shut-off without multiple prior warnings, and they certainly",imagem,"Cartoon stick-figure scene of characters reacting to: threaten immediate shut-off without multiple prior warnings,",C:\Users\andre\OneDrive\Documents\codex\automation-chilldude\output\everyday_scams_people_still_fall_for\scenes\scene_0160.png
"00:09:04,044","00:09:07,443",won't demand payment via gift cards. The IRS will never,avatar,,
"00:09:07,443","00:09:10,843",call you out of the blue threatening arrest. They do,avatar,,
"00:09:10,843","00:09:14,242","everything by mail, and they're notoriously slow, not lightning-fast with",imagem,"Cartoon stick-figure scene of characters reacting to: everything by mail, and they're notoriously slow, not lightn",C:\Users\andre\OneDrive\Documents\codex\automation-chilldude\output\everyday_scams_people_still_fall_for\scenes\scene_0163.png
"00:09:14,242","00:09:17,642","threats. If you get one of these calls, hang up.",avatar,,
"00:09:17,642","00:09:21,041","If you're genuinely concerned, call the utility company or the",imagem,"Cartoon stick-figure scene of characters reacting to: If you're genuinely concerned, call the utility company or t",C:\Users\andre\OneDrive\Documents\codex\automation-chilldude\output\everyday_scams_people_still_fall_for\scenes\scene_0165.png
"00:09:21,041","00:09:24,441",IRS directly using the number on their official website or,avatar,,
"00:09:24,441","00:09:27,840","your bill, not the number the scammer gives you. Your",imagem,"Cartoon stick-figure scene of characters reacting to: your bill, not the number the scammer gives you. Your",C:\Users\andre\OneDrive\Documents\codex\automation-chilldude\output\everyday_scams_people_still_fall_for\scenes\scene_0167.png
"00:09:27,840","00:09:31,240",money and your freedom are not decided by a prepaid,avatar,,
"00:09:31,240","00:09:31,580",Visa.,texto,,
"00:09:31,580","00:09:34,873","Finding an affordable place to live is stressful enough, but",avatar,,
"00:09:34,873","00:09:38,166","then you stumble upon it: the perfect apartment. Great location,",imagem,Cartoon stick-figure scene of characters reacting to: then you stumble upon it: the perfect apartment. Great locat,C:\Users\andre\OneDrive\Documents\codex\automation-chilldude\output\everyday_scams_people_still_fall_for\scenes\scene_0171.png
"00:09:38,166","00:09:41,460","beautiful photos, unbelievably low rent. You contact the ""landlord,"" who",avatar,,
"00:09:41,460","00:09:44,753","is always conveniently out of town or abroad, so they",imagem,"Cartoon stick-figure scene of characters reacting to: is always conveniently out of town or abroad, so they",C:\Users\andre\OneDrive\Documents\codex\automation-chilldude\output\everyday_scams_people_still_fall_for\scenes\scene_0173.png
"00:09:44,753","00:09:48,047",can't show you the place in person. They'll tell you,avatar,,
"00:09:48,047","00:09:51,340","to drive by, look through the windows, and if you",imagem,"Cartoon stick-figure scene of characters reacting to: to drive by, look through the windows, and if you",C:\Users\andre\OneDrive\Documents\codex\automation-chilldude\output\everyday_scams_people_still_fall_for\scenes\scene_0175.png
"00:09:51,340","00:09:54,634","like it, they'll send you a lease agreement. All you",avatar,,
"00:09:54,634","00:09:57,927",need to do is send the first month's rent and,avatar,,
"00:09:57,927","00:10:01,220",security deposit via wire transfer or some other non-traceable method,imagem,"Cartoon stick-figure scene of a stick-figure nervously wire-transferring money, a computer screen showing 'untraceable transaction' as they worry about a security deposit.",C:\Users\andre\OneDrive\Documents\codex\automation-chilldude\output\everyday_scams_people_still_fall_for\scenes\scene_0178.png
"00:10:01,220","00:10:04,514","to secure the place. You send the money, excited about",avatar,,
"00:10:04,514","00:10:07,807","your new digs, and then... crickets. The ""landlord"" vanishes, the",imagem,"Cartoon stick-figure scene of a stick-figure excitedly imagining a new apartment, then looking utterly bewildered as crickets chirp in an empty inbox, the 'landlord' vanished.",C:\Users\andre\OneDrive\Documents\codex\automation-chilldude\output\everyday_scams_people_still_fall_for\scenes\scene_0180.png
"00:10:07,807","00:10:11,101","ad disappears, and you realize you just sent thousands of",avatar,,
"00:10:11,101","00:10:14,394","dollars to someone who doesn't own the property, or perhaps",avatar,,
"00:10:14,394","00:10:17,688",the property doesn't even exist as a rental. These scammers,imagem,"Cartoon stick-figure scene of a stick-figure standing confused in front of a charming house, a 'For Sale' sign visible, realizing it's not the advertised rental property.",C:\Users\andre\OneDrive\Documents\codex\automation-chilldude\output\everyday_scams_people_still_fall_for\scenes\scene_0183.png
"00:10:17,688","00:10:20,981",often steal photos from real estate listings or even Google,avatar,,
"00:10:20,981","00:10:24,274",Street View. It's like finding a unicorn that promises to,imagem,"Cartoon stick-figure scene of a stick-figure looking at a laptop displaying Google Street View, a whimsical unicorn in the background promising riches, but with a sly grin.",C:\Users\andre\OneDrive\Documents\codex\automation-chilldude\output\everyday_scams_people_still_fall_for\scenes\scene_0185.png
"00:10:24,274","00:10:27,568","pay your bills, but only if you give it all",avatar,,
"00:10:27,568","00:10:30,861","your money first. Always, always insist on seeing the property",avatar,,
"00:10:30,861","00:10:34,155","in person, meeting the landlord, and never send money for",imagem,"Cartoon stick-figure scene of a stick-figure shaking hands with a friendly landlord inside a cozy apartment, emphasizing meeting in person before any money changes hands.",C:\Users\andre\OneDrive\Documents\codex\automation-chilldude\output\everyday_scams_people_still_fall_for\scenes\scene_0188.png
"00:10:34,155","00:10:36,790",a place you haven't physically toured or verified.,avatar,,
"00:10:36,790","00:10:40,440","Number 1, The Multi-Level Marketing (MLM) Scheme.",imagem,"Cartoon stick-figure scene of a stick-figure pointing dramatically at a large, bold sign that reads: 'Number 1: The Multi-Level Marketing (MLM) Scheme!'",C:\Users\andre\OneDrive\Documents\codex\automation-chilldude\output\everyday_scams_people_still_fall_for\scenes\scene_0190.png
"00:10:40,440","00:10:44,112","This one might surprise you, but it’s arguably the most",avatar,,
"00:10:44,112","00:10:47,784","insidious and widespread ""everyday scam"" because it’s so effectively disguised",imagem,"Cartoon stick-figure scene of a slick stick-figure presenting a shiny, appealing 'opportunity' brochure, its dark, insidious shadow subtly stretching across the floor, revealing a scam.",C:\Users\andre\OneDrive\Documents\codex\automation-chilldude\output\everyday_scams_people_still_fall_for\scenes\scene_0192.png
"00:10:47,784","00:10:51,456",as a legitimate business opportunity. You get invited to a,avatar,,
"00:10:51,456","00:10:55,129","""business presentation"" by an enthusiastic friend or acquaintance. They talk",imagem,Cartoon stick-figure scene of an overly enthusiastic stick-figure friend gesticulating wildly during a 'business presentation' to a slightly skeptical but polite stick-figure audience member.,C:\Users\andre\OneDrive\Documents\codex\automation-chilldude\output\everyday_scams_people_still_fall_for\scenes\scene_0194.png
"00:10:55,129","00:10:58,801","about financial freedom, being your own boss, and how you",avatar,,
"00:10:58,801","00:11:02,473","can earn passive income by selling amazing products and, more",avatar,,
"00:11:02,473","00:11:06,146","importantly, recruiting others to do the same. You buy an",imagem,"Cartoon stick-figure scene of a stick-figure excitedly handing a massive, expensive 'starter kit' to another stick-figure, eagerly pointing towards a line of potential recruits.",C:\Users\andre\OneDrive\Documents\codex\automation-chilldude\output\everyday_scams_people_still_fall_for\scenes\scene_0197.png
"00:11:06,146","00:11:09,818","expensive starter kit, attend endless motivational meetings, and spend your",avatar,,
"00:11:09,818","00:11:13,490",days hounding friends and family to buy products or join,imagem,"Cartoon stick-figure scene of a desperate stick-figure chasing reluctant friends and family, thrusting various products at them, trying to convince them to buy or join.",C:\Users\andre\OneDrive\Documents\codex\automation-chilldude\output\everyday_scams_people_still_fall_for\scenes\scene_0199.png
"00:11:13,490","00:11:17,163","your ""team."" The truth? Statistics consistently show that over 99%",avatar,,
"00:11:17,163","00:11:20,835","of people in MLMs lose money, with the vast majority",imagem,"Cartoon stick-figure scene of a large group of sad stick-figures, pockets turned inside out, surrounded by discarded 'business' materials, symbolizing money lost in MLMs.",C:\Users\andre\OneDrive\Documents\codex\automation-chilldude\output\everyday_scams_people_still_fall_for\scenes\scene_0201.png
"00:11:20,835","00:11:24,507","of revenue coming from recruiting new distributors, not selling actual",avatar,,
"00:11:24,507","00:11:28,180",products. It’s a pyramid scheme with a product attached to,imagem,"Cartoon stick-figure scene of a wobbly stick-figure pyramid scheme, disguised with a tiny, almost comical product balanced precariously on its very top, ready to collapse.",C:\Users\andre\OneDrive\Documents\codex\automation-chilldude\output\everyday_scams_people_still_fall_for\scenes\scene_0203.png
"00:11:28,180","00:11:31,852","make it seem legal, like putting a fancy hat on",avatar,,
"00:11:31,852","00:11:35,524",a snake and calling it a fashion consultant. You're not,imagem,"Cartoon stick-figure scene of a snake wearing a tiny, elegant fedora and a monocle, confidently gesturing with a cane while a human stick-figure awkwardly introduces it as a ""fashion consultant"" in a brightly lit boutique.",C:\Users\andre\OneDrive\Documents\codex\automation-chilldude\output\everyday_scams_people_still_fall_for\scenes\scene_0205.png
"00:11:35,524","00:11:39,197",building a business; you're just paying to be part of,avatar,,
"00:11:39,197","00:11:42,869",an elaborate system designed to enrich those at the very,avatar,,
"00:11:42,869","00:11:46,541","top. It preys on hope, ambition, and community, turning friendships",imagem,"Cartoon stick-figure scene of a towering, shadowy pyramid structure with sharp teeth, looming over a group of tiny, hopeful stick-figures. One stick-figure sadly points a friend towards a ""Sales Target"" sign.",C:\Users\andre\OneDrive\Documents\codex\automation-chilldude\output\everyday_scams_people_still_fall_for\scenes\scene_0208.png
"00:11:46,541","00:11:50,214",into sales targets and leaving a trail of debt and,avatar,,
"00:11:50,214","00:11:53,886",broken dreams. If the primary way to earn money is,imagem,"Cartoon stick-figure scene of a stick-figure frantically sprinting away from a collapsing stack of ""Recruitment Bonus"" boxes and scattered ""Broken Dreams"" signs, leaving behind a group of confused, sad stick-figures.",C:\Users\andre\OneDrive\Documents\codex\automation-chilldude\output\everyday_scams_people_still_fall_for\scenes\scene_0210.png
"00:11:53,886","00:11:56,090","by recruiting others, run, don't walk.",avatar,,
"00:11:56,090","00:11:59,571",That's all for today. I'll be making similar videos in,imagem,"Cartoon stick-figure scene of a friendly stick-figure waving goodbye from behind a desk with a ""THE END"" sign, while a large, inviting ""SUBSCRIBE"" button hovers above a computer screen in the foreground.",C:\Users\andre\OneDrive\Documents\codex\automation-chilldude\output\everyday_scams_people_still_fall_for\scenes\scene_0212.png
"00:11:59,571","00:12:01,660",the future. Subscribe to see them.,avatar,,
